{"cameraMode":{"drawMode":0,"name":"Shaded","section":"Shading Mode"},"sceneLighting":true,"audioPlay":false,"sceneViewState":{"showFog":true,"showMaterialUpdate":false,"showSkybox":true,"showFlares":true,"showImageEffects":true,"showParticleSystems":true},"in2DMode":false,"pivot":{"x":39.74693298339844,"y":-29.962966918945314,"z":22.05966567993164},"rotation":{"x":0.3259938657283783,"y":-0.4528462290763855,"z":0.18234947323799134,"w":0.8095722198486328},"size":114.99958801269531,"orthographic":false}