{"cameraMode":{"drawMode":0,"name":"Shaded","section":"Shading Mode"},"sceneLighting":true,"audioPlay":false,"sceneViewState":{"showFog":true,"showMaterialUpdate":false,"showSkybox":true,"showFlares":true,"showImageEffects":true,"showParticleSystems":true},"in2DMode":false,"pivot":{"x":-24.129974365234376,"y":-4.292428970336914,"z":-12.431819915771485},"rotation":{"x":-0.07129454612731934,"y":0.9131906032562256,"z":-0.1820814311504364,"w":-0.35755765438079836},"size":35.486690521240237,"orthographic":false}