{"cameraMode":{"drawMode":0,"name":"Shaded","section":"Shading Mode"},"sceneLighting":true,"audioPlay":false,"sceneViewState":{"showFog":true,"showMaterialUpdate":false,"showSkybox":true,"showFlares":true,"showImageEffects":true,"showParticleSystems":true},"in2DMode":false,"pivot":{"x":-2.2515625953674318,"y":7.663942337036133,"z":-4.270637512207031},"rotation":{"x":0.007176937535405159,"y":-0.06086364760994911,"z":-0.00043754404759965837,"w":-0.9981209635734558},"size":70.02123260498047,"orthographic":false}