{"cameraMode":{"drawMode":0,"name":"Shaded","section":"Shading Mode"},"sceneLighting":true,"audioPlay":false,"sceneViewState":{"showFog":true,"showMaterialUpdate":false,"showSkybox":true,"showFlares":true,"showImageEffects":true,"showParticleSystems":true},"in2DMode":false,"pivot":{"x":-47.27195358276367,"y":-39.99306869506836,"z":-90.69009399414063},"rotation":{"x":0.03254570811986923,"y":-0.967168927192688,"z":0.18982917070388795,"w":0.1658131331205368},"size":106.91331481933594,"orthographic":false}