{"cameraMode":{"drawMode":0,"name":"Shaded","section":"Shading Mode"},"sceneLighting":false,"audioPlay":false,"sceneViewState":{"showFog":true,"showMaterialUpdate":false,"showSkybox":false,"showFlares":true,"showImageEffects":true,"showParticleSystems":true},"in2DMode":false,"pivot":{"x":18.500024795532228,"y":-4.499999523162842,"z":27.49997329711914},"rotation":{"x":0.06416638195514679,"y":0.687646210193634,"z":-0.061230920255184177,"w":0.7206102013587952},"size":105.1641845703125,"orthographic":false}