{"cameraMode":{"drawMode":0,"name":"Shaded","section":"Shading Mode"},"sceneLighting":true,"audioPlay":false,"sceneViewState":{"showFog":true,"showMaterialUpdate":false,"showSkybox":true,"showFlares":true,"showImageEffects":true,"showParticleSystems":true},"in2DMode":false,"pivot":{"x":-5.942103862762451,"y":19.56447982788086,"z":-18.877201080322267},"rotation":{"x":-0.4054968059062958,"y":-0.12280456721782685,"z":0.055077116936445239,"w":-0.9041339159011841},"size":1.7522797584533692,"orthographic":false}