{"cameraMode":{"drawMode":0,"name":"Shaded","section":"Shading Mode"},"sceneLighting":true,"audioPlay":false,"sceneViewState":{"showFog":true,"showMaterialUpdate":false,"showSkybox":true,"showFlares":true,"showImageEffects":true,"showParticleSystems":true},"in2DMode":false,"pivot":{"x":-15.53292465209961,"y":30.263757705688478,"z":3.6273193359375},"rotation":{"x":-0.37168198823928835,"y":0.11788995563983917,"z":-0.04764792323112488,"w":-0.9196109175682068},"size":36.568660736083987,"orthographic":false}