{"cameraMode":{"drawMode":0,"name":"Shaded","section":"Shading Mode"},"sceneLighting":true,"audioPlay":false,"sceneViewState":{"showFog":true,"showMaterialUpdate":false,"showSkybox":true,"showFlares":true,"showImageEffects":true,"showParticleSystems":true},"in2DMode":false,"pivot":{"x":1.5317511558532715,"y":-0.5367617607116699,"z":2.278576374053955},"rotation":{"x":-0.19503241777420045,"y":0.804816722869873,"z":-0.38759008049964907,"w":-0.4049782454967499},"size":21.43095588684082,"orthographic":false}